Quarter,White,Black,Hispanic,Another Race/Ethnicity,Unknown/Missing
2019 Q1,807,371,62,7,249
2019 Q2,756,400,57,7,232
2019 Q3,639,311,23,10,227
2019 Q4,628,369,43,3,264
2020 Q1,571,284,40,3,252
2020 Q2,216,131,16,2,108
2020 Q3,379,208,30,8,111
2020 Q4,348,178,31,4,80
2021 Q1,366,189,29,3,111
2021 Q2,451,202,26,4,160
2021 Q3,409,215,36,0,171
2021 Q4,483,197,30,9,167
2022 Q1,493,210,36,4,98
2022 Q2,549,277,54,10,72
2022 Q3,630,298,42,12,67
2022 Q4,501,237,48,10,89
2023 Q1,583,289,43,8,78
2023 Q2,451,241,31,5,75
2023 Q3,475,262,47,8,67
2023 Q4,547,255,58,8,63
2024 Q1,512,250,54,13,53
2024 Q2,545,245,45,10,66
2024 Q3,510,302,48,15,57
2024 Q4,459,249,41,6,62
2025 Q1,491,256,49,15,70
2025 Q2,473,240,38,6,85
2025 Q3,475,273,43,12,112
2025 Q4,433,214,54,8,68
2026 Q1,449,253,43,9,77
2026 Q2,600,339,67,22,107