Quarter,Male,Female,Unknown
2019 Q1,822,325,349
2019 Q2,800,325,327
2019 Q3,627,227,356
2019 Q4,678,217,412
2020 Q1,559,225,366
2020 Q2,278,90,105
2020 Q3,426,145,165
2020 Q4,387,136,118
2021 Q1,411,157,130
2021 Q2,392,167,284
2021 Q3,391,140,300
2021 Q4,434,175,277
2022 Q1,480,216,145
2022 Q2,546,249,167
2022 Q3,606,266,177
2022 Q4,463,231,191
2023 Q1,539,223,239
2023 Q2,424,156,223
2023 Q3,436,181,242
2023 Q4,481,215,235
2024 Q1,484,204,194
2024 Q2,504,204,203
2024 Q3,499,221,212
2024 Q4,453,174,190
2025 Q1,534,179,168
2025 Q2,469,187,186
2025 Q3,514,182,219
2025 Q4,483,157,137
2026 Q1,498,178,155
2026 Q2,695,278,162